style,brewery,name
IPA - Triple,Akasha Brewing Company,Wooden Leg Triple IPA
IPA - Triple,Akasha Brewing Company,Wooden Leg Triple IPA
IPA - Triple New England / Hazy,Hawkers Beer,11. Party Starter
IPA - Triple New England / Hazy,Garage Project,Turbo Fuzz
IPA - Triple New England / Hazy,BrewHeart,It's Genghis Can
IPA - Triple New England / Hazy,BrewHeart,It's Genghis Can
IPA - Triple New England / Hazy,Range Brewing,Tripping In Vitamin C
IPA - Triple New England / Hazy,Amundsen Brewery,Fuzzy Logic
IPA - Triple New England / Hazy,Amundsen Brewery,Fuzzy Logic
Lichtenhainer,Urbanaut Brewing,Living Beer 5 - Smoked Citrus Viet Sour
Lichtenhainer,Urbanaut Brewing,Living Beer 5 - Smoked Citrus Viet Sour
Lichtenhainer,Dollar Bill Brewing,Lichtenhainer
Lichtenhainer,Dollar Bill Brewing,Lichtenhainer
Porter - Imperial / Double Baltic,Hawkers Beer,Rum Barrel Aged - Baltic Porter (2021)
Porter - Imperial / Double Baltic,LTM - Les Trois Mousquetaires,Porter Baltique
Porter - Imperial / Double Baltic,LTM - Les Trois Mousquetaires,Porter Baltique
Table Beer,Garage Project,Four Legs Good